timestamp,cam_id,class,conf,x1,y1,x2,y2,image_path
20251012_194111,0,helmet,0.81,143,61,427,301,logs/images/cam0_20251012_194111_helmet.jpg
20251012_194111,0,helmet,0.82,161,66,433,285,logs/images/cam0_20251012_194111_helmet.jpg
20251012_194111,0,helmet,0.87,180,67,430,258,logs/images/cam0_20251012_194111_helmet.jpg
20251012_194112,0,helmet,0.9,158,69,413,240,logs/images/cam0_20251012_194112_helmet.jpg
20251012_194114,0,helmet,0.88,175,64,426,258,logs/images/cam0_20251012_194114_helmet.jpg
20251012_212104,0,person,0.81,317,5,1129,720,logs/images/cam0_20251012_212104_person.jpg
20251012_212104,0,helmet,0.57,507,7,940,288,logs/images/cam0_20251012_212104_helmet.jpg
20251012_212105,0,person,0.85,277,4,1128,720,logs/images/cam0_20251012_212105_person.jpg
20251012_212106,0,helmet,0.53,503,51,894,312,logs/images/cam0_20251012_212106_helmet.jpg
20251012_212106,0,person,0.82,349,69,1098,720,logs/images/cam0_20251012_212106_person.jpg
20251012_212106,0,helmet,0.4,494,93,825,319,logs/images/cam0_20251012_212106_helmet.jpg
20251012_212106,0,person,0.85,292,122,1074,720,logs/images/cam0_20251012_212106_person.jpg
20251012_212106,0,person,0.79,253,123,1069,720,logs/images/cam0_20251012_212106_person.jpg
20251012_212106,0,helmet,0.36,500,134,813,326,logs/images/cam0_20251012_212106_helmet.jpg
20251012_212106,0,person,0.74,190,109,1051,720,logs/images/cam0_20251012_212106_person.jpg
20251012_212106,0,person,0.74,212,161,1011,720,logs/images/cam0_20251012_212106_person.jpg
20251012_212106,0,person,0.74,179,145,1005,720,logs/images/cam0_20251012_212106_person.jpg
20251012_212107,0,person,0.69,236,156,1028,720,logs/images/cam0_20251012_212107_person.jpg
20251012_212107,0,helmet,0.41,520,170,796,337,logs/images/cam0_20251012_212107_helmet.jpg
20251012_212108,0,person,0.76,285,153,1031,720,logs/images/cam0_20251012_212108_person.jpg
20251012_212108,0,helmet,0.37,520,163,812,342,logs/images/cam0_20251012_212108_helmet.jpg
20251012_212110,0,helmet,0.39,518,175,784,339,logs/images/cam0_20251012_212110_helmet.jpg
20251012_212110,0,person,0.48,147,0,1067,720,logs/images/cam0_20251012_212110_person.jpg
20251012_212110,0,person,0.48,438,25,1278,720,logs/images/cam0_20251012_212110_person.jpg
20251012_212110,0,person,0.51,442,57,1021,718,logs/images/cam0_20251012_212110_person.jpg
20251012_212110,0,helmet,0.78,512,65,993,623,logs/images/cam0_20251012_212110_helmet.jpg
20251012_212110,0,person,0.37,490,53,1280,718,logs/images/cam0_20251012_212110_person.jpg
20251012_212110,0,person,0.52,184,43,948,720,logs/images/cam0_20251012_212110_person.jpg
20251012_212110,0,person,0.55,200,31,977,720,logs/images/cam0_20251012_212110_person.jpg
20251012_212110,0,helmet,0.5,483,32,971,564,logs/images/cam0_20251012_212110_helmet.jpg
20251012_212110,0,person,0.4,260,18,1010,719,logs/images/cam0_20251012_212110_person.jpg
20251012_212111,0,person,0.52,365,18,1021,720,logs/images/cam0_20251012_212111_person.jpg
20251012_212111,0,person,0.6,305,100,1011,720,logs/images/cam0_20251012_212111_person.jpg
20251012_212111,0,person,0.62,238,86,1015,720,logs/images/cam0_20251012_212111_person.jpg
20251012_212111,0,helmet,0.4,464,189,811,399,logs/images/cam0_20251012_212111_helmet.jpg
20251012_212111,0,person,0.69,285,156,1034,720,logs/images/cam0_20251012_212111_person.jpg
20251012_212111,0,helmet,0.88,489,165,806,372,logs/images/cam0_20251012_212111_helmet.jpg
20251012_212111,0,person,0.6,181,157,992,720,logs/images/cam0_20251012_212111_person.jpg
20251012_212111,0,person,0.67,211,154,910,720,logs/images/cam0_20251012_212111_person.jpg
20251012_212111,0,person,0.59,206,150,1062,720,logs/images/cam0_20251012_212111_person.jpg
20251012_212111,0,person,0.67,191,146,1028,720,logs/images/cam0_20251012_212111_person.jpg
20251012_212112,0,person,0.76,265,148,998,720,logs/images/cam0_20251012_212112_person.jpg
20251012_212112,0,helmet,0.89,495,164,816,347,logs/images/cam0_20251012_212112_helmet.jpg
20251012_212127,0,person,0.93,296,160,1019,710,logs/images/cam0_20251012_212127_person.jpg
20251012_212127,0,bottle,0.42,911,351,963,490,logs/images/cam0_20251012_212127_bottle.jpg
20251012_212129,0,person,0.79,347,156,948,708,logs/images/cam0_20251012_212129_person.jpg
20251012_212129,0,person,0.38,0,360,470,711,logs/images/cam0_20251012_212129_person.jpg
20251012_212130,0,person,0.88,323,158,1194,709,logs/images/cam0_20251012_212130_person.jpg
20251012_212130,0,person,0.44,6,288,464,709,logs/images/cam0_20251012_212130_person.jpg
20251012_212130,0,person,0.86,202,157,1202,710,logs/images/cam0_20251012_212130_person.jpg
20251012_212130,0,bottle,0.44,910,351,964,491,logs/images/cam0_20251012_212130_bottle.jpg
20251012_212130,0,person,0.87,129,160,1133,711,logs/images/cam0_20251012_212130_person.jpg
20251012_212130,0,person,0.36,981,286,1250,713,logs/images/cam0_20251012_212130_person.jpg
20251012_212130,0,person,0.79,199,155,1165,710,logs/images/cam0_20251012_212130_person.jpg
20251012_212130,0,person,0.81,223,157,1241,711,logs/images/cam0_20251012_212130_person.jpg
20251012_212130,0,person,0.77,127,159,1175,710,logs/images/cam0_20251012_212130_person.jpg
20251012_212130,0,person,0.78,130,160,1260,711,logs/images/cam0_20251012_212130_person.jpg
20251012_212131,0,person,0.85,291,157,1267,710,logs/images/cam0_20251012_212131_person.jpg
20251012_212131,0,person,0.39,1052,264,1279,706,logs/images/cam0_20251012_212131_person.jpg
20251012_212132,0,person,0.88,251,154,1255,710,logs/images/cam0_20251012_212132_person.jpg
20251012_212132,0,person,0.82,220,157,1074,711,logs/images/cam0_20251012_212132_person.jpg
20251012_212132,0,person,0.81,96,159,1066,710,logs/images/cam0_20251012_212132_person.jpg
20251012_212133,0,person,0.86,218,159,1154,710,logs/images/cam0_20251012_212133_person.jpg
20251012_212133,0,person,0.85,111,159,1147,710,logs/images/cam0_20251012_212133_person.jpg
20251012_212134,0,person,0.37,814,305,1152,712,logs/images/cam0_20251012_212134_person.jpg
20251012_212134,0,person,0.8,194,158,1236,708,logs/images/cam0_20251012_212134_person.jpg
20251012_212135,0,person,0.75,9,168,1065,708,logs/images/cam0_20251012_212135_person.jpg
20251012_212135,0,person,0.81,8,180,1271,708,logs/images/cam0_20251012_212135_person.jpg
20251012_212135,0,person,0.86,7,120,1260,705,logs/images/cam0_20251012_212135_person.jpg
20251012_212135,0,person,0.84,2,78,1240,706,logs/images/cam0_20251012_212135_person.jpg
20251012_212135,0,person,0.84,4,39,1218,705,logs/images/cam0_20251012_212135_person.jpg
20251012_212135,0,person,0.69,59,182,1129,710,logs/images/cam0_20251012_212135_person.jpg
20251012_212135,0,person,0.89,77,183,1072,710,logs/images/cam0_20251012_212135_person.jpg
20251012_212135,0,person,0.64,166,253,952,711,logs/images/cam0_20251012_212135_person.jpg
20251012_212135,0,person,0.49,48,18,1097,694,logs/images/cam0_20251012_212135_person.jpg
20251012_212135,0,person,0.47,207,187,1065,709,logs/images/cam0_20251012_212135_person.jpg
20251012_212135,0,person,0.71,12,147,954,709,logs/images/cam0_20251012_212135_person.jpg
20251012_212135,0,person,0.92,208,139,901,712,logs/images/cam0_20251012_212135_person.jpg
20251012_212136,0,person,0.86,167,125,869,710,logs/images/cam0_20251012_212136_person.jpg
20251012_212136,0,person,0.89,131,109,840,712,logs/images/cam0_20251012_212136_person.jpg
20251012_212136,0,person,0.93,121,87,902,711,logs/images/cam0_20251012_212136_person.jpg
20251012_212136,0,person,0.87,110,78,960,709,logs/images/cam0_20251012_212136_person.jpg
20251012_212136,0,person,0.85,189,70,986,710,logs/images/cam0_20251012_212136_person.jpg
20251012_212136,0,person,0.87,194,61,1020,708,logs/images/cam0_20251012_212136_person.jpg
20251012_212136,0,person,0.93,203,50,1087,708,logs/images/cam0_20251012_212136_person.jpg
20251012_212137,0,person,0.93,214,49,1129,707,logs/images/cam0_20251012_212137_person.jpg
20251012_212137,0,person,0.93,243,37,1162,709,logs/images/cam0_20251012_212137_person.jpg
20251012_212137,0,person,0.94,251,41,1209,708,logs/images/cam0_20251012_212137_person.jpg
20251012_212137,0,person,0.94,258,45,1267,706,logs/images/cam0_20251012_212137_person.jpg
20251012_212137,0,bottle,0.36,910,351,964,491,logs/images/cam0_20251012_212137_bottle.jpg
20251012_212137,0,person,0.94,295,68,1278,707,logs/images/cam0_20251012_212137_person.jpg
20251012_212140,0,person,0.92,250,38,1164,707,logs/images/cam0_20251012_212140_person.jpg
20251012_212140,0,person,0.93,272,46,1185,709,logs/images/cam0_20251012_212140_person.jpg
20251012_212140,0,person,0.94,291,50,1207,707,logs/images/cam0_20251012_212140_person.jpg
20251012_212519,0,person,0.87,264,25,1068,720,logs/images/cam0_20251012_212519_person.jpg
20251012_212519,0,helmet,0.57,490,50,829,263,logs/images/cam0_20251012_212519_helmet.jpg
20251012_212520,0,helmet,0.72,496,37,848,266,logs/images/cam0_20251012_212520_helmet.jpg
20251012_212521,0,helmet,0.45,483,9,835,260,logs/images/cam0_20251012_212521_helmet.jpg
20251012_212521,0,person,0.77,239,8,1052,720,logs/images/cam0_20251012_212521_person.jpg
20251012_212521,0,person,0.82,262,24,1007,720,logs/images/cam0_20251012_212521_person.jpg
20251012_212521,0,helmet,0.56,492,39,870,287,logs/images/cam0_20251012_212521_helmet.jpg
20251012_212521,0,person,0.66,308,41,1104,720,logs/images/cam0_20251012_212521_person.jpg
20251012_212522,0,person,0.84,320,29,1043,720,logs/images/cam0_20251012_212522_person.jpg
20251012_212522,0,helmet,0.59,469,48,825,263,logs/images/cam0_20251012_212522_helmet.jpg
20251012_212522,0,person,0.88,305,39,1159,720,logs/images/cam0_20251012_212522_person.jpg
20251012_212524,0,helmet,0.42,464,43,828,284,logs/images/cam0_20251012_212524_helmet.jpg
20251012_212525,0,person,0.89,300,25,1197,720,logs/images/cam0_20251012_212525_person.jpg
20251012_212525,0,helmet,0.46,476,13,833,287,logs/images/cam0_20251012_212525_helmet.jpg
20251012_212525,0,person,0.88,255,23,1202,720,logs/images/cam0_20251012_212525_person.jpg
20251012_212525,0,helmet,0.59,473,61,828,274,logs/images/cam0_20251012_212525_helmet.jpg
20251012_212527,0,helmet,0.54,478,59,832,305,logs/images/cam0_20251012_212527_helmet.jpg
20251012_212527,0,person,0.83,371,57,1193,720,logs/images/cam0_20251012_212527_person.jpg
20251012_212527,0,person,0.82,317,68,1178,720,logs/images/cam0_20251012_212527_person.jpg
20251012_212527,0,helmet,0.49,528,76,854,288,logs/images/cam0_20251012_212527_helmet.jpg
20251012_212528,0,person,0.87,283,43,1237,720,logs/images/cam0_20251012_212528_person.jpg
20251012_212528,0,helmet,0.5,525,49,859,290,logs/images/cam0_20251012_212528_helmet.jpg
20251012_212528,0,person,0.88,272,41,1204,720,logs/images/cam0_20251012_212528_person.jpg
20251012_212528,0,helmet,0.66,534,47,886,274,logs/images/cam0_20251012_212528_helmet.jpg
20251012_212529,0,helmet,0.8,520,28,874,285,logs/images/cam0_20251012_212529_helmet.jpg
20251012_212530,0,helmet,0.48,509,52,866,303,logs/images/cam0_20251012_212530_helmet.jpg
20251012_212540,0,person,0.94,260,87,1100,709,logs/images/cam0_20251012_212540_person.jpg
20251012_212540,0,person,0.95,275,135,1082,709,logs/images/cam0_20251012_212540_person.jpg
20251012_212541,0,person,0.94,284,131,1119,709,logs/images/cam0_20251012_212541_person.jpg
20251012_212544,0,person,0.94,282,137,1102,710,logs/images/cam0_20251012_212544_person.jpg
20251012_212547,0,person,0.94,269,124,1077,711,logs/images/cam0_20251012_212547_person.jpg
20251012_212550,0,person,0.94,272,128,1067,711,logs/images/cam0_20251012_212550_person.jpg
20251012_212553,0,person,0.95,276,134,1080,711,logs/images/cam0_20251012_212553_person.jpg
20251012_212554,0,person,0.94,279,132,1119,709,logs/images/cam0_20251012_212554_person.jpg
20251012_212557,0,person,0.95,283,143,1100,712,logs/images/cam0_20251012_212557_person.jpg
20251012_212600,0,person,0.94,289,158,1093,711,logs/images/cam0_20251012_212600_person.jpg
20251012_212600,0,person,0.93,299,147,1132,710,logs/images/cam0_20251012_212600_person.jpg
20251012_212601,0,person,0.88,281,207,1189,710,logs/images/cam0_20251012_212601_person.jpg
20251012_212601,0,person,0.85,281,159,1204,710,logs/images/cam0_20251012_212601_person.jpg
20251012_212602,0,person,0.93,278,122,1069,709,logs/images/cam0_20251012_212602_person.jpg
20251012_212603,0,person,0.93,270,81,1063,709,logs/images/cam0_20251012_212603_person.jpg
20251012_212603,0,person,0.8,359,58,1080,709,logs/images/cam0_20251012_212603_person.jpg
20251012_212603,0,person,0.94,173,55,1081,709,logs/images/cam0_20251012_212603_person.jpg
20251012_212605,0,person,0.91,214,64,1097,708,logs/images/cam0_20251012_212605_person.jpg
20251012_212605,0,person,0.92,195,65,1229,709,logs/images/cam0_20251012_212605_person.jpg
20251012_212605,0,person,0.82,12,73,1202,705,logs/images/cam0_20251012_212605_person.jpg
20251012_212605,0,person,0.84,2,94,1264,705,logs/images/cam0_20251012_212605_person.jpg
20251012_212606,0,person,0.81,122,88,1151,705,logs/images/cam0_20251012_212606_person.jpg
20251012_212606,0,person,0.83,313,86,1278,706,logs/images/cam0_20251012_212606_person.jpg
20251012_212606,0,person,0.86,239,102,1089,709,logs/images/cam0_20251012_212606_person.jpg
20251012_212606,0,person,0.84,262,184,1079,710,logs/images/cam0_20251012_212606_person.jpg
20251012_212608,0,person,0.9,256,51,1080,708,logs/images/cam0_20251012_212608_person.jpg
20251012_212626,0,helmet,0.91,437,41,839,294,logs/images/cam0_20251012_212626_helmet.jpg
20251012_212626,0,person,0.85,287,29,1069,720,logs/images/cam0_20251012_212626_person.jpg
20251012_212626,0,person,0.86,279,29,1035,720,logs/images/cam0_20251012_212626_person.jpg
20251012_212628,0,person,0.88,274,31,959,720,logs/images/cam0_20251012_212628_person.jpg
20251012_212628,0,helmet,0.84,445,39,878,288,logs/images/cam0_20251012_212628_helmet.jpg
20251012_212628,0,helmet,0.86,443,66,842,316,logs/images/cam0_20251012_212628_helmet.jpg
20251012_212628,0,person,0.79,294,53,986,720,logs/images/cam0_20251012_212628_person.jpg
20251012_212629,0,person,0.74,274,48,1146,720,logs/images/cam0_20251012_212629_person.jpg
20251012_212629,0,helmet,0.9,416,58,826,308,logs/images/cam0_20251012_212629_helmet.jpg
20251012_212629,0,person,0.85,255,30,1016,720,logs/images/cam0_20251012_212629_person.jpg
20251012_212630,0,person,0.82,308,24,1007,720,logs/images/cam0_20251012_212630_person.jpg
20251012_212632,0,helmet,0.92,433,40,845,314,logs/images/cam0_20251012_212632_helmet.jpg
20251012_212632,0,person,0.87,258,36,1014,720,logs/images/cam0_20251012_212632_person.jpg
20251012_212633,0,person,0.86,307,41,1009,720,logs/images/cam0_20251012_212633_person.jpg
20251012_212635,0,helmet,0.91,433,51,835,322,logs/images/cam0_20251012_212635_helmet.jpg
20251012_212635,0,person,0.89,266,53,1011,720,logs/images/cam0_20251012_212635_person.jpg
20251012_212637,0,helmet,0.91,415,66,806,321,logs/images/cam0_20251012_212637_helmet.jpg
20251012_212638,0,person,0.87,294,64,1027,720,logs/images/cam0_20251012_212638_person.jpg
20251012_212638,0,person,0.87,272,57,1006,720,logs/images/cam0_20251012_212638_person.jpg
20251012_212638,0,helmet,0.9,443,68,819,304,logs/images/cam0_20251012_212638_helmet.jpg
20251012_212641,0,helmet,0.91,459,70,834,321,logs/images/cam0_20251012_212641_helmet.jpg
20251012_212641,0,person,0.87,265,63,1048,720,logs/images/cam0_20251012_212641_person.jpg
20251012_212642,0,person,0.89,305,65,1052,720,logs/images/cam0_20251012_212642_person.jpg
20251012_212642,0,person,0.87,268,44,1081,720,logs/images/cam0_20251012_212642_person.jpg
20251012_212644,0,helmet,0.88,449,74,826,322,logs/images/cam0_20251012_212644_helmet.jpg
20251012_212644,0,helmet,0.89,457,94,820,323,logs/images/cam0_20251012_212644_helmet.jpg
20251012_212644,0,person,0.84,268,102,1068,720,logs/images/cam0_20251012_212644_person.jpg
20251012_212644,0,helmet,0.9,469,118,822,349,logs/images/cam0_20251012_212644_helmet.jpg
20251012_212644,0,person,0.85,299,124,1071,720,logs/images/cam0_20251012_212644_person.jpg
20251012_212644,0,helmet,0.91,493,140,827,368,logs/images/cam0_20251012_212644_helmet.jpg
20251012_212645,0,person,0.81,241,137,1072,720,logs/images/cam0_20251012_212645_person.jpg
20251012_212645,0,helmet,0.9,504,164,822,375,logs/images/cam0_20251012_212645_helmet.jpg
20251012_212645,0,person,0.81,251,160,1026,720,logs/images/cam0_20251012_212645_person.jpg
20251012_212646,0,person,0.71,219,152,956,720,logs/images/cam0_20251012_212646_person.jpg
20251012_212646,0,helmet,0.89,495,163,820,399,logs/images/cam0_20251012_212646_helmet.jpg
20251012_212646,0,person,0.75,239,152,975,720,logs/images/cam0_20251012_212646_person.jpg
20251012_212646,0,helmet,0.7,493,165,857,402,logs/images/cam0_20251012_212646_helmet.jpg
20251012_212646,0,helmet,0.61,480,167,709,387,logs/images/cam0_20251012_212646_helmet.jpg
20251012_212647,0,helmet,0.78,482,146,762,386,logs/images/cam0_20251012_212647_helmet.jpg
20251012_212647,0,person,0.6,235,91,1047,720,logs/images/cam0_20251012_212647_person.jpg
20251012_212647,0,person,0.6,228,63,1147,720,logs/images/cam0_20251012_212647_person.jpg
20251012_212647,0,person,0.51,224,30,1174,719,logs/images/cam0_20251012_212647_person.jpg
20251012_212647,0,person,0.56,237,4,1087,720,logs/images/cam0_20251012_212647_person.jpg
20251012_212647,0,person,0.61,221,0,1062,720,logs/images/cam0_20251012_212647_person.jpg
20251012_212648,0,person,0.47,124,0,1066,720,logs/images/cam0_20251012_212648_person.jpg
20251012_212648,0,person,0.46,98,2,1045,717,logs/images/cam0_20251012_212648_person.jpg
20251012_212648,0,person,0.58,26,0,983,717,logs/images/cam0_20251012_212648_person.jpg
20251012_212648,0,person,0.53,828,11,1280,711,logs/images/cam0_20251012_212648_person.jpg
20251012_212649,0,person,0.54,193,0,1004,720,logs/images/cam0_20251012_212649_person.jpg
20251012_212649,0,person,0.54,170,0,1107,720,logs/images/cam0_20251012_212649_person.jpg
20251012_212649,0,person,0.55,24,0,1046,720,logs/images/cam0_20251012_212649_person.jpg
20251012_212649,0,person,0.72,0,0,890,720,logs/images/cam0_20251012_212649_person.jpg
20251012_212650,0,person,0.65,26,0,904,720,logs/images/cam0_20251012_212650_person.jpg
20251012_212650,0,person,0.75,118,72,890,720,logs/images/cam0_20251012_212650_person.jpg
20251012_212650,0,person,0.72,77,31,891,720,logs/images/cam0_20251012_212650_person.jpg
20251012_212650,0,person,0.75,91,112,886,720,logs/images/cam0_20251012_212650_person.jpg
20251012_212650,0,person,0.74,0,115,882,718,logs/images/cam0_20251012_212650_person.jpg
20251012_212650,0,person,0.73,136,51,906,719,logs/images/cam0_20251012_212650_person.jpg
20251012_212651,0,person,0.78,119,27,951,720,logs/images/cam0_20251012_212651_person.jpg
20251012_212651,0,person,0.77,138,0,964,720,logs/images/cam0_20251012_212651_person.jpg
20251012_212651,0,person,0.78,235,59,975,720,logs/images/cam0_20251012_212651_person.jpg
20251012_212651,0,person,0.75,150,58,975,720,logs/images/cam0_20251012_212651_person.jpg
20251012_212651,0,helmet,0.39,445,83,785,318,logs/images/cam0_20251012_212651_helmet.jpg
20251012_212651,0,person,0.73,166,23,977,719,logs/images/cam0_20251012_212651_person.jpg
20251012_212651,0,helmet,0.38,412,80,763,301,logs/images/cam0_20251012_212651_helmet.jpg
20251012_212652,0,person,0.75,183,36,998,720,logs/images/cam0_20251012_212652_person.jpg
20251012_212652,0,person,0.78,297,14,1092,720,logs/images/cam0_20251012_212652_person.jpg
20251012_212652,0,person,0.8,250,7,1151,720,logs/images/cam0_20251012_212652_person.jpg
20251012_212652,0,person,0.79,289,9,1189,720,logs/images/cam0_20251012_212652_person.jpg
20251012_212652,0,helmet,0.43,497,8,899,291,logs/images/cam0_20251012_212652_helmet.jpg
20251012_212652,0,person,0.87,314,3,1211,720,logs/images/cam0_20251012_212652_person.jpg
20251012_212652,0,helmet,0.43,536,4,968,279,logs/images/cam0_20251012_212652_helmet.jpg
20251012_212652,0,person,0.78,426,2,1214,720,logs/images/cam0_20251012_212652_person.jpg
20251012_212653,0,person,0.86,384,6,1207,720,logs/images/cam0_20251012_212653_person.jpg
20251012_212653,0,helmet,0.36,569,5,1009,299,logs/images/cam0_20251012_212653_helmet.jpg
20251012_212653,0,helmet,0.46,603,0,1040,303,logs/images/cam0_20251012_212653_helmet.jpg
20251012_212655,0,person,0.88,421,8,1218,720,logs/images/cam0_20251012_212655_person.jpg
20251012_212655,0,helmet,0.43,634,7,1042,318,logs/images/cam0_20251012_212655_helmet.jpg
20251012_212655,0,person,0.88,451,2,1242,720,logs/images/cam0_20251012_212655_person.jpg
20251012_212656,0,helmet,0.53,636,3,1083,320,logs/images/cam0_20251012_212656_helmet.jpg
20251012_212658,0,person,0.87,399,0,1220,720,logs/images/cam0_20251012_212658_person.jpg
20251012_212700,0,helmet,0.37,629,2,1092,322,logs/images/cam0_20251012_212700_helmet.jpg
20251012_212700,0,person,0.88,426,0,1243,720,logs/images/cam0_20251012_212700_person.jpg
20251012_212700,0,helmet,0.4,645,4,1060,305,logs/images/cam0_20251012_212700_helmet.jpg
20251012_212701,0,person,0.88,402,0,1226,720,logs/images/cam0_20251012_212701_person.jpg
20251012_212703,0,helmet,0.39,626,3,1071,308,logs/images/cam0_20251012_212703_helmet.jpg
20251012_212704,0,person,0.87,412,0,1226,720,logs/images/cam0_20251012_212704_person.jpg
20251012_212704,0,helmet,0.39,634,1,1119,323,logs/images/cam0_20251012_212704_helmet.jpg
20251012_212706,0,helmet,0.36,633,5,1065,316,logs/images/cam0_20251012_212706_helmet.jpg
20251012_212707,0,person,0.86,428,0,1228,720,logs/images/cam0_20251012_212707_person.jpg
20251012_212707,0,person,0.84,385,0,1220,720,logs/images/cam0_20251012_212707_person.jpg
20251012_212710,0,person,0.87,431,0,1220,720,logs/images/cam0_20251012_212710_person.jpg
20251012_212710,0,helmet,0.4,610,2,1117,276,logs/images/cam0_20251012_212710_helmet.jpg
20251012_212710,0,person,0.88,382,0,1222,720,logs/images/cam0_20251012_212710_person.jpg
20251012_212710,0,helmet,0.67,560,5,1014,258,logs/images/cam0_20251012_212710_helmet.jpg
20251012_212710,0,helmet,0.77,532,1,959,260,logs/images/cam0_20251012_212710_helmet.jpg
20251012_212710,0,helmet,0.7,525,5,949,232,logs/images/cam0_20251012_212710_helmet.jpg
20251012_212710,0,helmet,0.67,503,4,924,247,logs/images/cam0_20251012_212710_helmet.jpg
20251012_212710,0,person,0.81,365,0,1151,720,logs/images/cam0_20251012_212710_person.jpg
20251012_212710,0,person,0.9,298,0,1103,720,logs/images/cam0_20251012_212710_person.jpg
20251012_212710,0,person,0.87,343,0,1126,720,logs/images/cam0_20251012_212710_person.jpg
20251012_212710,0,helmet,0.51,489,5,895,238,logs/images/cam0_20251012_212710_helmet.jpg
20251012_212711,0,helmet,0.47,530,5,926,281,logs/images/cam0_20251012_212711_helmet.jpg
20251012_212712,0,helmet,0.4,561,4,971,300,logs/images/cam0_20251012_212712_helmet.jpg
20251012_212713,0,person,0.9,331,3,1119,720,logs/images/cam0_20251012_212713_person.jpg
20251012_212714,0,helmet,0.44,559,5,964,266,logs/images/cam0_20251012_212714_helmet.jpg
20251012_212715,0,person,0.91,350,4,1141,720,logs/images/cam0_20251012_212715_person.jpg
20251012_212715,0,helmet,0.44,567,5,978,303,logs/images/cam0_20251012_212715_helmet.jpg
20251012_212716,0,person,0.91,344,4,1106,720,logs/images/cam0_20251012_212716_person.jpg
20251012_212718,0,helmet,0.65,562,4,968,304,logs/images/cam0_20251012_212718_helmet.jpg
20251012_212718,0,person,0.91,359,2,1134,720,logs/images/cam0_20251012_212718_person.jpg
20251012_212720,0,helmet,0.59,567,5,968,275,logs/images/cam0_20251012_212720_helmet.jpg
20251012_212720,0,person,0.91,331,0,1119,720,logs/images/cam0_20251012_212720_person.jpg
20251012_212721,0,helmet,0.5,564,3,975,302,logs/images/cam0_20251012_212721_helmet.jpg
20251012_212721,0,helmet,0.68,543,5,954,301,logs/images/cam0_20251012_212721_helmet.jpg
20251012_212721,0,helmet,0.52,532,5,939,273,logs/images/cam0_20251012_212721_helmet.jpg
20251012_212722,0,person,0.89,364,0,1138,720,logs/images/cam0_20251012_212722_person.jpg
20251012_212722,0,helmet,0.44,507,4,924,307,logs/images/cam0_20251012_212722_helmet.jpg
20251012_212722,0,helmet,0.43,506,4,913,278,logs/images/cam0_20251012_212722_helmet.jpg
20251012_212723,0,person,0.91,314,0,1139,720,logs/images/cam0_20251012_212723_person.jpg
20251012_212723,0,helmet,0.69,511,4,935,242,logs/images/cam0_20251012_212723_helmet.jpg
20251012_212726,0,person,0.91,307,0,1139,720,logs/images/cam0_20251012_212726_person.jpg
20251012_212726,0,helmet,0.45,516,4,937,247,logs/images/cam0_20251012_212726_helmet.jpg
20251012_212726,0,helmet,0.44,491,4,915,256,logs/images/cam0_20251012_212726_helmet.jpg
20251012_212727,0,helmet,0.44,472,3,885,248,logs/images/cam0_20251012_212727_helmet.jpg
20251012_212727,0,person,0.9,305,3,1098,720,logs/images/cam0_20251012_212727_person.jpg
20251012_212729,0,helmet,0.68,511,4,893,260,logs/images/cam0_20251012_212729_helmet.jpg
20251012_212730,0,person,0.91,301,10,1087,720,logs/images/cam0_20251012_212730_person.jpg
20251012_212730,0,helmet,0.62,500,9,868,246,logs/images/cam0_20251012_212730_helmet.jpg
20251012_212733,0,person,0.9,303,8,1080,720,logs/images/cam0_20251012_212733_person.jpg
20251012_212733,0,helmet,0.54,492,9,851,259,logs/images/cam0_20251012_212733_helmet.jpg
20251012_212736,0,person,0.91,280,15,1080,720,logs/images/cam0_20251012_212736_person.jpg
20251012_212736,0,helmet,0.68,496,14,853,263,logs/images/cam0_20251012_212736_helmet.jpg
20251012_212736,0,person,0.88,326,9,1111,720,logs/images/cam0_20251012_212736_person.jpg
20251012_212736,0,helmet,0.72,518,6,889,266,logs/images/cam0_20251012_212736_helmet.jpg
20251012_212736,0,helmet,0.66,554,6,924,266,logs/images/cam0_20251012_212736_helmet.jpg
20251012_212737,0,person,0.91,346,8,1143,720,logs/images/cam0_20251012_212737_person.jpg
20251012_212739,0,person,0.89,307,9,1113,720,logs/images/cam0_20251012_212739_person.jpg
20251012_212739,0,helmet,0.79,535,10,895,262,logs/images/cam0_20251012_212739_helmet.jpg
20251012_212739,0,helmet,0.56,550,5,918,279,logs/images/cam0_20251012_212739_helmet.jpg
20251012_212741,0,person,0.91,276,6,1091,720,logs/images/cam0_20251012_212741_person.jpg
20251012_212742,0,helmet,0.75,521,4,885,262,logs/images/cam0_20251012_212742_helmet.jpg
20251012_212742,0,person,0.89,323,3,1105,720,logs/images/cam0_20251012_212742_person.jpg
20251012_212743,0,helmet,0.79,548,6,912,262,logs/images/cam0_20251012_212743_helmet.jpg
20251012_212743,0,person,0.88,356,6,1142,720,logs/images/cam0_20251012_212743_person.jpg
20251012_212744,0,helmet,0.71,576,13,930,266,logs/images/cam0_20251012_212744_helmet.jpg
20251012_212745,0,person,0.89,296,4,1119,720,logs/images/cam0_20251012_212745_person.jpg
20251012_212745,0,helmet,0.55,522,6,899,253,logs/images/cam0_20251012_212745_helmet.jpg
20251012_212748,0,person,0.88,329,7,1080,720,logs/images/cam0_20251012_212748_person.jpg
20251012_212748,0,helmet,0.64,525,8,893,265,logs/images/cam0_20251012_212748_helmet.jpg
20251012_212748,0,helmet,0.74,550,6,922,267,logs/images/cam0_20251012_212748_helmet.jpg
20251012_212748,0,person,0.89,326,5,1126,720,logs/images/cam0_20251012_212748_person.jpg
20251012_212751,0,person,0.9,321,5,1130,720,logs/images/cam0_20251012_212751_person.jpg
20251012_212751,0,helmet,0.87,559,4,928,267,logs/images/cam0_20251012_212751_helmet.jpg
20251012_212751,0,person,0.9,295,5,1100,720,logs/images/cam0_20251012_212751_person.jpg
20251012_212751,0,helmet,0.83,530,5,906,259,logs/images/cam0_20251012_212751_helmet.jpg
20251012_212751,0,helmet,0.59,503,4,886,246,logs/images/cam0_20251012_212751_helmet.jpg
20251012_212752,0,person,0.91,260,2,1082,720,logs/images/cam0_20251012_212752_person.jpg
20251012_212752,0,helmet,0.45,479,3,862,256,logs/images/cam0_20251012_212752_helmet.jpg
20251012_212752,0,helmet,0.6,490,5,853,245,logs/images/cam0_20251012_212752_helmet.jpg
20251012_212754,0,helmet,0.73,532,8,888,262,logs/images/cam0_20251012_212754_helmet.jpg
20251012_212754,0,person,0.9,307,12,1087,720,logs/images/cam0_20251012_212754_person.jpg
20251012_212754,0,helmet,0.74,508,8,873,259,logs/images/cam0_20251012_212754_helmet.jpg
20251012_212755,0,helmet,0.42,493,11,843,262,logs/images/cam0_20251012_212755_helmet.jpg
20251012_212755,0,person,0.9,270,15,1082,720,logs/images/cam0_20251012_212755_person.jpg
20251012_212757,0,helmet,0.54,508,13,875,258,logs/images/cam0_20251012_212757_helmet.jpg
20251012_212758,0,person,0.9,283,5,1080,720,logs/images/cam0_20251012_212758_person.jpg
20251012_212758,0,person,0.87,335,8,1083,720,logs/images/cam0_20251012_212758_person.jpg
20251012_212758,0,helmet,0.5,531,6,893,294,logs/images/cam0_20251012_212758_helmet.jpg
20251012_212758,0,person,0.85,339,13,1123,720,logs/images/cam0_20251012_212758_person.jpg
20251012_212758,0,person,0.85,275,0,1133,720,logs/images/cam0_20251012_212758_person.jpg
20251012_212758,0,person,0.81,331,110,1112,720,logs/images/cam0_20251012_212758_person.jpg
20251012_212758,0,person,0.81,313,87,1090,720,logs/images/cam0_20251012_212758_person.jpg
20251012_212759,0,person,0.81,307,154,1087,720,logs/images/cam0_20251012_212759_person.jpg
20251012_212759,0,person,0.81,245,151,1090,720,logs/images/cam0_20251012_212759_person.jpg
20251012_212759,0,person,0.84,284,76,1073,720,logs/images/cam0_20251012_212759_person.jpg
20251012_212800,0,person,0.84,293,117,1077,720,logs/images/cam0_20251012_212800_person.jpg
20251012_212801,0,person,0.84,284,179,1079,720,logs/images/cam0_20251012_212801_person.jpg
20251012_212802,0,person,0.79,312,154,1082,720,logs/images/cam0_20251012_212802_person.jpg
20251012_212803,0,person,0.79,273,81,1102,720,logs/images/cam0_20251012_212803_person.jpg
20251012_212803,0,person,0.81,263,128,1081,720,logs/images/cam0_20251012_212803_person.jpg
20251012_212804,0,person,0.8,352,148,1082,720,logs/images/cam0_20251012_212804_person.jpg
20251012_212805,0,person,0.82,300,152,1082,720,logs/images/cam0_20251012_212805_person.jpg
20251012_212806,0,person,0.38,243,10,1109,720,logs/images/cam0_20251012_212806_person.jpg
20251012_212806,0,person,0.79,330,44,1072,720,logs/images/cam0_20251012_212806_person.jpg
20251012_212806,0,person,0.8,268,169,1070,720,logs/images/cam0_20251012_212806_person.jpg
20251012_212808,0,person,0.84,278,86,1082,720,logs/images/cam0_20251012_212808_person.jpg
20251012_212808,0,person,0.8,241,137,1073,720,logs/images/cam0_20251012_212808_person.jpg
20251012_212809,0,person,0.75,256,142,1099,720,logs/images/cam0_20251012_212809_person.jpg
20251012_212809,0,person,0.78,265,58,1169,720,logs/images/cam0_20251012_212809_person.jpg
20251012_212809,0,person,0.74,255,7,1170,720,logs/images/cam0_20251012_212809_person.jpg
20251012_212809,0,person,0.76,181,0,1191,720,logs/images/cam0_20251012_212809_person.jpg
20251012_212810,0,person,0.73,236,11,1080,720,logs/images/cam0_20251012_212810_person.jpg
20251012_212810,0,person,0.76,325,152,1143,720,logs/images/cam0_20251012_212810_person.jpg
20251012_212810,0,person,0.77,285,157,1134,720,logs/images/cam0_20251012_212810_person.jpg
20251012_212810,0,person,0.79,361,181,1132,720,logs/images/cam0_20251012_212810_person.jpg
20251012_212810,0,person,0.77,287,170,1084,720,logs/images/cam0_20251012_212810_person.jpg
20251012_212810,0,person,0.81,269,214,1077,720,logs/images/cam0_20251012_212810_person.jpg
20251012_212810,0,person,0.87,252,65,1075,720,logs/images/cam0_20251012_212810_person.jpg
20251012_212811,0,person,0.86,237,132,1073,720,logs/images/cam0_20251012_212811_person.jpg
20251012_212811,0,person,0.85,238,176,1060,720,logs/images/cam0_20251012_212811_person.jpg
20251012_212813,0,person,0.87,304,207,1070,720,logs/images/cam0_20251012_212813_person.jpg
20251012_212813,0,person,0.88,263,200,1070,720,logs/images/cam0_20251012_212813_person.jpg
20251012_212814,0,person,0.86,255,159,1076,720,logs/images/cam0_20251012_212814_person.jpg
20251012_212816,0,person,0.89,245,119,1078,720,logs/images/cam0_20251012_212816_person.jpg
20251012_212816,0,person,0.85,309,166,1077,720,logs/images/cam0_20251012_212816_person.jpg
20251012_212817,0,person,0.87,245,167,1070,720,logs/images/cam0_20251012_212817_person.jpg
20251012_212819,0,person,0.83,329,185,1068,720,logs/images/cam0_20251012_212819_person.jpg
20251012_212819,0,person,0.85,319,139,1078,720,logs/images/cam0_20251012_212819_person.jpg
20251012_212819,0,person,0.36,242,0,1121,720,logs/images/cam0_20251012_212819_person.jpg
20251012_212819,0,person,0.85,329,16,1070,720,logs/images/cam0_20251012_212819_person.jpg
20251012_212819,0,person,0.84,372,183,1072,720,logs/images/cam0_20251012_212819_person.jpg
20251012_212820,0,person,0.86,295,164,1063,720,logs/images/cam0_20251012_212820_person.jpg
20251012_212820,0,person,0.86,262,170,1048,720,logs/images/cam0_20251012_212820_person.jpg
20251012_212821,0,helmet,0.37,564,177,870,387,logs/images/cam0_20251012_212821_helmet.jpg
20251012_212823,0,person,0.86,282,176,1065,720,logs/images/cam0_20251012_212823_person.jpg
20251012_212825,0,person,0.85,244,183,1058,720,logs/images/cam0_20251012_212825_person.jpg
20251012_212828,0,person,0.85,257,185,1053,720,logs/images/cam0_20251012_212828_person.jpg
20251012_212828,0,person,0.85,275,208,1070,720,logs/images/cam0_20251012_212828_person.jpg
20251012_212830,0,person,0.72,379,215,1066,720,logs/images/cam0_20251012_212830_person.jpg
20251012_212830,0,person,0.75,394,37,1057,720,logs/images/cam0_20251012_212830_person.jpg
20251012_212830,0,person,0.71,350,48,1061,720,logs/images/cam0_20251012_212830_person.jpg
20251012_212830,0,person,0.6,378,134,1078,720,logs/images/cam0_20251012_212830_person.jpg
20251012_212830,0,person,0.59,395,76,1068,720,logs/images/cam0_20251012_212830_person.jpg
20251012_212830,0,person,0.61,395,183,1088,720,logs/images/cam0_20251012_212830_person.jpg
20251012_212830,0,person,0.71,313,196,1083,720,logs/images/cam0_20251012_212830_person.jpg
20251012_212831,0,person,0.81,286,168,1074,720,logs/images/cam0_20251012_212831_person.jpg
20251012_212831,0,person,0.8,232,159,1073,720,logs/images/cam0_20251012_212831_person.jpg
20251012_212833,0,person,0.82,238,200,1078,720,logs/images/cam0_20251012_212833_person.jpg
20251012_212835,0,person,0.84,241,152,1081,720,logs/images/cam0_20251012_212835_person.jpg
20251012_212835,0,person,0.85,237,113,1085,720,logs/images/cam0_20251012_212835_person.jpg
20251012_212836,0,person,0.82,254,203,1070,720,logs/images/cam0_20251012_212836_person.jpg
20251012_212837,0,helmet,0.41,524,183,809,362,logs/images/cam0_20251012_212837_helmet.jpg
20251012_212838,0,person,0.84,225,16,1106,720,logs/images/cam0_20251012_212838_person.jpg
20251012_212838,0,person,0.82,243,18,1135,720,logs/images/cam0_20251012_212838_person.jpg
20251012_212838,0,person,0.65,166,0,1028,720,logs/images/cam0_20251012_212838_person.jpg
20251012_212839,0,person,0.68,216,7,993,720,logs/images/cam0_20251012_212839_person.jpg
20251012_212839,0,person,0.79,219,39,1016,720,logs/images/cam0_20251012_212839_person.jpg
20251012_212839,0,person,0.84,238,118,1021,720,logs/images/cam0_20251012_212839_person.jpg
20251012_212839,0,person,0.81,235,117,1073,720,logs/images/cam0_20251012_212839_person.jpg
20251012_212839,0,person,0.75,228,74,1133,720,logs/images/cam0_20251012_212839_person.jpg
20251012_212839,0,person,0.68,244,169,1117,720,logs/images/cam0_20251012_212839_person.jpg
20251012_212839,0,person,0.59,182,175,999,720,logs/images/cam0_20251012_212839_person.jpg
20251012_212840,0,person,0.71,155,155,1075,720,logs/images/cam0_20251012_212840_person.jpg
20251012_212840,0,person,0.8,225,188,1069,720,logs/images/cam0_20251012_212840_person.jpg
20251012_212840,0,person,0.73,238,202,1095,720,logs/images/cam0_20251012_212840_person.jpg
20251012_212840,0,person,0.82,217,134,1132,720,logs/images/cam0_20251012_212840_person.jpg
20251012_212842,0,person,0.81,229,90,1123,720,logs/images/cam0_20251012_212842_person.jpg
20251012_212842,0,person,0.81,212,16,1133,720,logs/images/cam0_20251012_212842_person.jpg
20251012_212843,0,person,0.51,247,211,1097,720,logs/images/cam0_20251012_212843_person.jpg
20251012_212843,0,person,0.75,282,49,1136,720,logs/images/cam0_20251012_212843_person.jpg
20251012_212843,0,person,0.73,295,202,1137,720,logs/images/cam0_20251012_212843_person.jpg
20251012_212844,0,person,0.73,256,175,1121,720,logs/images/cam0_20251012_212844_person.jpg
20251012_212844,0,person,0.8,278,148,1134,720,logs/images/cam0_20251012_212844_person.jpg
20251012_212844,0,person,0.78,339,159,1146,720,logs/images/cam0_20251012_212844_person.jpg
20251012_212844,0,person,0.85,270,139,1080,720,logs/images/cam0_20251012_212844_person.jpg
20251012_212844,0,person,0.84,237,52,1080,720,logs/images/cam0_20251012_212844_person.jpg
20251012_212845,0,person,0.78,223,99,1071,720,logs/images/cam0_20251012_212845_person.jpg
20251012_212846,0,person,0.78,336,153,1066,720,logs/images/cam0_20251012_212846_person.jpg
20251012_212847,0,person,0.77,257,127,1070,720,logs/images/cam0_20251012_212847_person.jpg
20251012_212847,0,helmet,0.36,532,160,837,354,logs/images/cam0_20251012_212847_helmet.jpg
20251012_212847,0,person,0.83,283,160,1070,720,logs/images/cam0_20251012_212847_person.jpg
20251012_212848,0,person,0.82,221,160,1071,720,logs/images/cam0_20251012_212848_person.jpg
20251012_212850,0,person,0.82,277,169,1067,720,logs/images/cam0_20251012_212850_person.jpg
20251012_212850,0,person,0.82,240,96,1071,720,logs/images/cam0_20251012_212850_person.jpg
20251012_212851,0,person,0.82,234,147,1066,720,logs/images/cam0_20251012_212851_person.jpg
20251012_212852,0,person,0.79,326,154,1067,720,logs/images/cam0_20251012_212852_person.jpg
20251012_212853,0,person,0.83,239,106,1063,720,logs/images/cam0_20251012_212853_person.jpg
20251012_212853,0,person,0.81,271,144,1072,720,logs/images/cam0_20251012_212853_person.jpg
20251012_212854,0,person,0.77,311,106,1072,720,logs/images/cam0_20251012_212854_person.jpg
20251012_212855,0,person,0.82,238,168,1073,720,logs/images/cam0_20251012_212855_person.jpg
20251012_212858,0,person,0.84,254,154,1071,720,logs/images/cam0_20251012_212858_person.jpg
20251012_212859,0,person,0.82,295,162,1076,720,logs/images/cam0_20251012_212859_person.jpg
20251012_212901,0,person,0.8,256,151,1068,720,logs/images/cam0_20251012_212901_person.jpg
20251012_212901,0,person,0.76,239,101,1087,720,logs/images/cam0_20251012_212901_person.jpg
20251012_212901,0,helmet,0.52,563,159,861,367,logs/images/cam0_20251012_212901_helmet.jpg
20251012_212904,0,person,0.82,246,146,1076,720,logs/images/cam0_20251012_212904_person.jpg
20251012_212904,0,person,0.8,301,152,1081,720,logs/images/cam0_20251012_212904_person.jpg
20251012_212907,0,person,0.79,231,164,1085,720,logs/images/cam0_20251012_212907_person.jpg
20251012_212907,0,person,0.79,329,159,1087,720,logs/images/cam0_20251012_212907_person.jpg
20251012_212907,0,person,0.79,263,131,1086,720,logs/images/cam0_20251012_212907_person.jpg
20251012_212907,0,person,0.81,235,108,1076,720,logs/images/cam0_20251012_212907_person.jpg
20251012_212910,0,person,0.8,235,134,1079,720,logs/images/cam0_20251012_212910_person.jpg
20251012_212912,0,person,0.8,290,154,1079,720,logs/images/cam0_20251012_212912_person.jpg
20251012_212913,0,person,0.8,250,137,1073,720,logs/images/cam0_20251012_212913_person.jpg
20251012_212913,0,person,0.83,226,97,1078,720,logs/images/cam0_20251012_212913_person.jpg
20251012_212914,0,person,0.77,265,181,1069,720,logs/images/cam0_20251012_212914_person.jpg
20251012_212914,0,helmet,0.47,559,175,846,356,logs/images/cam0_20251012_212914_helmet.jpg
20251012_212915,0,person,0.82,299,146,1069,720,logs/images/cam0_20251012_212915_person.jpg
20251012_212918,0,person,0.84,267,156,1074,720,logs/images/cam0_20251012_212918_person.jpg
20251012_212919,0,person,0.82,311,164,1070,720,logs/images/cam0_20251012_212919_person.jpg
20251012_212920,0,person,0.81,268,113,1074,720,logs/images/cam0_20251012_212920_person.jpg
20251012_212920,0,person,0.83,233,86,1076,720,logs/images/cam0_20251012_212920_person.jpg
20251012_212920,0,person,0.84,230,126,1068,720,logs/images/cam0_20251012_212920_person.jpg
20251012_212921,0,person,0.78,257,168,1077,720,logs/images/cam0_20251012_212921_person.jpg
20251012_212923,0,person,0.82,243,124,1076,720,logs/images/cam0_20251012_212923_person.jpg
20251012_212923,0,person,0.78,235,70,1076,720,logs/images/cam0_20251012_212923_person.jpg
20251012_212924,0,person,0.76,298,147,1076,720,logs/images/cam0_20251012_212924_person.jpg
20251012_212925,0,person,0.75,239,18,1083,720,logs/images/cam0_20251012_212925_person.jpg
20251012_212925,0,person,0.38,279,0,1097,720,logs/images/cam0_20251012_212925_person.jpg
20251012_212925,0,person,0.37,237,121,1130,718,logs/images/cam0_20251012_212925_person.jpg
20251012_212925,0,person,0.57,187,0,1089,716,logs/images/cam0_20251012_212925_person.jpg
20251012_212925,0,person,0.47,203,43,1078,717,logs/images/cam0_20251012_212925_person.jpg
20251012_212926,0,person,0.66,385,19,1072,718,logs/images/cam0_20251012_212926_person.jpg
20251012_212926,0,person,0.77,345,17,1112,720,logs/images/cam0_20251012_212926_person.jpg
20251012_212926,0,person,0.78,239,127,1070,720,logs/images/cam0_20251012_212926_person.jpg
20251012_212926,0,person,0.75,334,153,1080,720,logs/images/cam0_20251012_212926_person.jpg
20251012_212927,0,person,0.83,266,154,1081,720,logs/images/cam0_20251012_212927_person.jpg
20251012_212928,0,person,0.79,292,124,1104,720,logs/images/cam0_20251012_212928_person.jpg
20251012_212930,0,person,0.77,246,162,1073,720,logs/images/cam0_20251012_212930_person.jpg
20251012_212930,0,person,0.8,300,162,1073,720,logs/images/cam0_20251012_212930_person.jpg
20251012_212932,0,person,0.81,254,122,1075,720,logs/images/cam0_20251012_212932_person.jpg
20251012_212933,0,person,0.81,290,153,1075,720,logs/images/cam0_20251012_212933_person.jpg
20251012_212935,0,person,0.84,260,136,1067,720,logs/images/cam0_20251012_212935_person.jpg
20251012_212936,0,person,0.83,298,142,1073,720,logs/images/cam0_20251012_212936_person.jpg
20251012_212938,0,person,0.84,253,146,1068,720,logs/images/cam0_20251012_212938_person.jpg
20251012_212940,0,person,0.81,300,156,1061,720,logs/images/cam0_20251012_212940_person.jpg
20251012_212940,0,person,0.81,253,105,1064,720,logs/images/cam0_20251012_212940_person.jpg
20251012_212940,0,person,0.79,343,155,1076,720,logs/images/cam0_20251012_212940_person.jpg
20251012_212941,0,person,0.78,240,168,1066,720,logs/images/cam0_20251012_212941_person.jpg
20251012_212943,0,person,0.82,273,157,1077,720,logs/images/cam0_20251012_212943_person.jpg
20251012_212944,0,person,0.77,337,166,1075,720,logs/images/cam0_20251012_212944_person.jpg
20251012_212944,0,person,0.82,239,146,1069,720,logs/images/cam0_20251012_212944_person.jpg
20251012_212947,0,person,0.83,269,163,1066,720,logs/images/cam0_20251012_212947_person.jpg
20251012_212947,0,person,0.83,254,97,1068,720,logs/images/cam0_20251012_212947_person.jpg
20251012_212950,0,person,0.86,253,124,1070,720,logs/images/cam0_20251012_212950_person.jpg
20251012_212950,0,person,0.84,239,167,1071,720,logs/images/cam0_20251012_212950_person.jpg
20251012_212953,0,person,0.83,238,154,1068,720,logs/images/cam0_20251012_212953_person.jpg
20251012_212956,0,person,0.84,257,150,1067,720,logs/images/cam0_20251012_212956_person.jpg
20251012_212956,0,person,0.84,249,106,1069,720,logs/images/cam0_20251012_212956_person.jpg
20251012_212957,0,person,0.83,292,154,1077,720,logs/images/cam0_20251012_212957_person.jpg
20251012_212959,0,person,0.82,240,156,1072,720,logs/images/cam0_20251012_212959_person.jpg
20251012_213001,0,person,0.78,328,158,1075,720,logs/images/cam0_20251012_213001_person.jpg
20251012_213002,0,person,0.86,254,160,1070,720,logs/images/cam0_20251012_213002_person.jpg
20251012_213004,0,person,0.84,332,144,1070,720,logs/images/cam0_20251012_213004_person.jpg
20251012_213005,0,person,0.84,269,143,1072,720,logs/images/cam0_20251012_213005_person.jpg
20251012_213005,0,person,0.78,299,197,1069,720,logs/images/cam0_20251012_213005_person.jpg
20251012_213005,0,person,0.78,367,174,1070,720,logs/images/cam0_20251012_213005_person.jpg
20251012_213007,0,person,0.8,233,102,1070,720,logs/images/cam0_20251012_213007_person.jpg
20251012_213008,0,person,0.83,310,169,1074,720,logs/images/cam0_20251012_213008_person.jpg
20251012_213008,0,person,0.79,371,189,1081,720,logs/images/cam0_20251012_213008_person.jpg
20251012_213008,0,person,0.79,275,169,1069,720,logs/images/cam0_20251012_213008_person.jpg
20251012_213009,0,person,0.8,234,156,1068,720,logs/images/cam0_20251012_213009_person.jpg
20251012_213011,0,person,0.85,275,140,1069,720,logs/images/cam0_20251012_213011_person.jpg
20251012_213012,0,person,0.8,235,170,1072,720,logs/images/cam0_20251012_213012_person.jpg
20251012_213012,0,person,0.75,355,183,1069,720,logs/images/cam0_20251012_213012_person.jpg
20251012_213013,0,person,0.84,280,175,1091,720,logs/images/cam0_20251012_213013_person.jpg
20251012_213015,0,person,0.83,235,159,1071,720,logs/images/cam0_20251012_213015_person.jpg
20251012_213015,0,person,0.8,246,186,1033,720,logs/images/cam0_20251012_213015_person.jpg
